belong,id
Wei Wang 0003,55
Wei Wang 0003,56
Wei Wang 0003,57
Wei Wang 0003,58
Wei Wang 0003,59
Wei Wang 0003,60
Wei Wang 0003,61
Wei Wang 0003,62
Wei Wang 0003,63
Wei Wang 0003,64
Wei Wang 0003,65
Wei Wang 0003,66
Wei Wang 0003,67
Wei Wang 0003,68
Wei Wang 0003,69
Wei Wang 0003,70
Wei Wang 0003,71
Wei Wang 0003,72
Wei Wang 0003,73
Wei Wang 0003,74
Wei Wang 0003,75
Wei Wang 0003,76
Wei Wang 0003,77
Wei Wang 0003,78
Wei Wang 0003,79
Wei Wang 0003,80
Wei Wang 0003,81
Wei Wang 0003,82
Wei Wang 0003,83
Wei Wang 0003,84
Wei Wang 0003,85
Wei Wang 0003,86
Wei Wang 0003,87
Wei Wang 0003,88
Wei Wang 0003,89
Wei Wang 0003,90
Wei Wang 0003,91
Wei Wang 0003,92
Wei Wang 0003,93
Wei Wang 0003,94
Wei Wang 0003,95
Wei Wang 0003,96
Wei Wang 0003,97
Wei Wang 0003,98
Wei Wang 0003,99
Wei Wang 0003,100
Wei Wang 0003,101
Wei Wang 0003,102
Wei Wang 0003,103
Wei Wang 0003,104
